sample_id,target_delay_s,extra_trees,catboost,linear,gru,ensemble,persistence,zero
131672_1767729600,557.0,210.66625,243.25989585237534,255.5217391304348,421.26,421.260009765625,541.0,0.0
133957_1767729600,141.0,119.1525,139.57265950028224,104.86956521739131,152.19765,152.19764709472656,211.0,0.0
122048_1767729600,41.0,8.61875,-7.190809936973675,-86.41304347826087,-63.227467,-63.22746658325195,-208.0,0.0
132430_1767729600,21.0,40.6125,67.31419343864681,24.521739130434785,16.357851,16.357851028442383,35.0,0.0
122048_1767729900,93.0,15.0275,24.231374153565454,39.58695652173913,20.82058,20.820579528808594,68.0,0.0
133957_1767729900,126.0,123.61,155.49639375217086,98.93478260869566,185.33049,185.3304901123047,198.0,0.0
132430_1767729900,177.0,48.285,42.9506941558949,42.32608695652175,36.2487,36.24869918823242,74.0,0.0
122048_1767730200,99.0,57.215,63.183719810073924,47.34782608695653,91.54025,91.54025268554688,85.0,0.0
130072_1767730200,60.0,20.97125,28.52526062101536,8.543478260869566,-2.7923088,-2.792308807373047,0.0,0.0
133957_1767730200,83.0,109.2875,122.00394844064657,94.82608695652175,225.66136,225.66136169433594,189.0,0.0
132430_1767730200,173.0,30.36875,25.584795297058083,18.130434782608695,-5.806461,-5.806460857391357,21.0,0.0
133957_1767730500,53.0,66.79125,107.65458836999709,73.36956521739131,169.4495,169.44949340820312,142.0,0.0
122048_1767730500,-3.0,59.44,73.90708828080133,56.02173913043478,76.31494,76.31494140625,104.0,0.0
132430_1767730500,146.0,59.16125,65.70140825283013,18.130434782608695,49.69209,49.69208908081055,21.0,0.0
130072_1767730500,60.0,20.71875,37.47829455360023,8.543478260869566,12.704259,12.704258918762207,0.0,0.0
130072_1767730800,106.0,67.35,56.56632477073139,8.543478260869566,36.683857,36.68385696411133,0.0,0.0
122048_1767730800,25.0,63.105,64.86081133896226,55.56521739130436,72.589134,72.5891342163086,103.0,0.0
133957_1767730800,38.0,61.82875,73.18473898023197,35.02173913043478,125.58828,125.5882797241211,58.0,0.0
132430_1767730800,234.0,167.2525,167.9513178079907,89.34782608695653,162.48174,162.4817352294922,177.0,0.0
133957_1767731100,59.0,22.255,46.94007743672835,31.826086956521742,50.476196,50.4761962890625,51.0,0.0
130072_1767731100,22.0,94.6725,99.79844204774516,35.934782608695656,106.5162,106.51619720458984,60.0,0.0
122048_1767731100,4.0,29.865,53.914983862321094,30.91304347826087,7.5656314,7.56563138961792,49.0,0.0
132430_1767731100,277.0,192.59625,185.05624622214216,87.97826086956522,213.78584,213.7858428955078,174.0,0.0
132430_1767731400,192.0,206.47,218.03995292682634,108.52173913043478,225.38753,225.3875274658203,219.0,0.0
133957_1767731400,46.0,-5.75125,23.65056718554938,15.847826086956523,29.301765,29.30176544189453,16.0,0.0
130072_1767731400,49.0,105.2,112.75005907095353,50.54347826086956,212.33897,212.33897399902344,92.0,0.0
133957_1767731700,116.0,68.4825,89.15325690920662,52.36956521739131,135.7519,135.7519073486328,96.0,0.0
130072_1767731700,78.0,73.23875,53.44666534919953,9.913043478260871,170.96039,170.96038818359375,3.0,0.0
132430_1767731700,201.0,219.48125,236.35110200810055,130.8913043478261,229.90172,229.90171813964844,268.0,0.0
131672_1767732000,32.0,193.6375,152.31931865191686,285.19565217391306,205.74493,205.74493408203125,606.0,0.0
132430_1767732000,167.0,192.1625,245.7654618985149,115.82608695652175,239.24226,239.2422637939453,235.0,0.0
130072_1767732000,158.0,93.21375,70.40557359661764,35.02173913043478,147.76039,147.76039123535156,58.0,0.0
133957_1767732000,129.0,10.5575,53.25551820874868,21.782608695652176,97.67865,97.67864990234375,29.0,0.0
130072_1767732300,161.0,88.9025,67.9950993008764,22.695652173913047,147.90747,147.907470703125,31.0,0.0
132430_1767732300,337.0,127.1475,124.34108574530309,82.95652173913044,177.02496,177.02496337890625,163.0,0.0
131672_1767732300,16.0,213.5475,209.14207874648815,285.19565217391306,345.4752,345.4751892089844,606.0,0.0
132430_1767732600,338.0,148.33,170.08327760361874,97.10869565217392,216.63832,216.63832092285156,194.0,0.0
133957_1767732600,39.0,49.7,25.69550728711731,63.78260869565217,32.186882,32.18688201904297,121.0,0.0
131672_1767732600,34.0,283.7525,281.73520986630587,285.19565217391306,475.879,475.8789978027344,606.0,0.0
135081_1767732600,79.0,73.17,89.24376340355988,115.36956521739131,84.1504,84.15039825439453,234.0,0.0
130072_1767732600,226.0,160.265,194.09655266206522,101.67391304347827,336.64514,336.6451416015625,204.0,0.0
131672_1767732900,41.0,68.11375,77.40815354662803,23.15217391304348,110.71632,110.71631622314453,32.0,0.0
133957_1767732900,-49.0,73.67375,48.53535682145548,57.84782608695653,41.062016,41.062015533447266,108.0,0.0
130072_1767732900,187.0,148.43125,171.99869984589594,86.15217391304348,260.95346,260.9534606933594,170.0,0.0
132430_1767732900,238.0,221.855,287.4916422732798,166.5,304.47626,304.47625732421875,346.0,0.0
135081_1767732900,136.0,99.0,139.99441795872258,115.36956521739131,132.08589,132.0858917236328,234.0,0.0
130072_1767733200,125.0,122.27125,123.44352203002447,102.58695652173914,210.89563,210.8956298828125,206.0,0.0
135081_1767733200,40.0,108.3725,177.26030923245523,115.36956521739131,187.7415,187.7415008544922,234.0,0.0
133957_1767733200,59.0,126.98875,99.97233640740366,57.84782608695653,135.54834,135.54833984375,108.0,0.0
122048_1767733200,0.0,3.51375,11.853896633621138,8.543478260869566,-1.8529047,-1.8529046773910522,0.0,0.0
132430_1767733200,153.0,203.61375,237.66974001556153,157.82608695652175,227.20564,227.2056427001953,327.0,0.0
130072_1767733500,125.0,113.95,136.2667831659487,97.10869565217392,167.74986,167.74986267089844,194.0,0.0
122048_1767733500,0.0,9.7775,16.949367076219435,8.543478260869566,4.475755,4.475755214691162,0.0,0.0
132430_1767733500,168.0,228.1525,266.63480476159293,148.23913043478262,289.26962,289.2696228027344,306.0,0.0
133957_1767733500,28.0,43.0025,18.71868842614987,-0.13043478260869534,43.771255,43.77125549316406,-19.0,0.0
135081_1767733500,44.0,91.58,80.19109813450987,88.8913043478261,166.03865,166.0386505126953,176.0,0.0
130072_1767733800,168.0,85.64125,107.89277553905715,91.6304347826087,107.514946,107.51494598388672,182.0,0.0
135081_1767733800,51.0,63.0525,42.47672098733021,45.97826086956522,89.57299,89.57299041748047,82.0,0.0
133957_1767733800,15.0,58.0675,19.911428294180084,10.369565217391305,75.930565,75.9305648803711,4.0,0.0
122048_1767733800,0.0,12.98375,18.564063323281584,8.543478260869566,10.159316,10.159316062927246,0.0,0.0
132430_1767733800,179.0,154.5125,129.04289102208776,91.17391304347827,217.37605,217.3760528564453,181.0,0.0
135081_1767734100,-16.0,-16.61625,-27.766101602283328,-6.065217391304348,-8.719875,-8.71987533569336,-32.0,0.0
133957_1767734100,45.0,73.7125,47.206645869958464,28.6304347826087,81.53532,81.53531646728516,44.0,0.0
130072_1767734100,195.0,86.52375,83.12138077314862,60.1304347826087,75.165794,75.1657943725586,113.0,0.0
122048_1767734100,0.0,5.375,7.851445308641345,8.543478260869566,14.35686,14.356860160827637,0.0,0.0
132430_1767734100,96.0,161.93,138.9622162804196,99.84782608695653,171.56319,171.5631866455078,200.0,0.0
133957_1767734400,7.0,37.90375,14.540445626230264,9.913043478260871,65.592125,65.59212493896484,3.0,0.0
135081_1767734400,-59.0,24.0875,10.422783817486682,40.95652173913044,12.755975,12.755974769592285,71.0,0.0
122048_1767734400,0.0,-10.65,-29.952949594546475,8.543478260869566,-3.9766672,-3.9766671657562256,0.0,0.0
130072_1767734400,163.0,90.38375,110.65976384806346,51.0,77.726585,77.7265853881836,93.0,0.0
135081_1767734700,-170.0,-27.25375,-20.16624203481046,33.652173913043484,-30.35924,-30.35923957824707,55.0,0.0
130072_1767734700,0.0,78.49625,50.731075201145536,91.17391304347827,147.31395,147.31394958496094,181.0,0.0
122048_1767734700,0.0,-6.33125,-16.79890854355932,8.543478260869566,11.532654,11.53265380859375,0.0,0.0
133957_1767734700,65.0,27.635,30.648072808223027,31.826086956521742,55.025116,55.025115966796875,51.0,0.0
134040_1767735000,434.0,123.4925,199.44212807561388,206.67391304347828,315.9282,315.9281921386719,434.0,0.0
133957_1767735000,21.0,-15.08625,-22.85987117098908,-10.173913043478262,-3.2587461,-3.2587461471557617,-41.0,0.0
130072_1767735000,0.0,72.25375,84.36882300475764,82.95652173913044,100.81213,100.8121337890625,163.0,0.0
130072_1767735300,0.0,62.655,78.07521275067788,82.95652173913044,89.86245,89.8624496459961,163.0,0.0
134040_1767735300,434.0,127.7975,200.1754357961134,206.67391304347828,300.91458,300.9145812988281,434.0,0.0
133957_1767735300,50.0,51.28,46.098824038586514,34.56521739130435,98.72864,98.7286376953125,57.0,0.0
133957_1767735600,77.0,14.28,23.593964609446775,18.130434782608695,84.310326,84.3103256225586,21.0,0.0
130072_1767735600,0.0,10.31125,38.636082428470544,8.543478260869566,-7.530046,-7.530045986175537,0.0,0.0
134040_1767735900,0.0,109.55875,89.56292312226836,206.67391304347828,162.46991,162.46990966796875,434.0,0.0
130072_1767735900,0.0,8.72,23.355989356048813,8.543478260869566,-2.3072634,-2.3072633743286133,0.0,0.0
134040_1767736200,0.0,115.29875,142.13417069450207,206.67391304347828,167.25826,167.2582550048828,434.0,0.0
130072_1767736200,0.0,16.71375,31.93982780742352,8.543478260869566,-0.9842641,-0.984264075756073,0.0,0.0
134040_1767736500,0.0,126.73625,187.94665084023998,206.67391304347828,166.3203,166.32029724121094,434.0,0.0
130072_1767736500,0.0,24.20625,35.66519017754965,8.543478260869566,-2.413652,-2.413651943206787,0.0,0.0
134040_1767736800,0.0,11.30375,35.64540140485028,8.543478260869566,-8.043092,-8.043091773986816,0.0,0.0
135081_1767736800,-98.0,-38.2875,-42.39117278120831,-64.04347826086958,-77.18482,-77.18482208251953,-159.0,0.0
133957_1767736800,32.0,73.6225,40.751375383271636,90.71739130434783,70.508896,70.50889587402344,180.0,0.0
133957_1767737100,-8.0,98.835,76.34005279135772,90.71739130434783,82.91598,82.91597747802734,180.0,0.0
135081_1767737100,37.0,-47.2975,-43.22336859102067,-85.95652173913044,-107.26731,-107.2673110961914,-207.0,0.0
134040_1767737100,0.0,20.64625,40.7028126446816,8.543478260869566,-6.333576,-6.333576202392578,0.0,0.0
133957_1767737400,27.0,120.43875,115.91924027411937,90.71739130434783,138.62093,138.6209259033203,180.0,0.0
135081_1767737400,13.0,-45.2225,-56.64829066244697,-22.5,-46.23229,-46.2322883605957,-68.0,0.0
134040_1767737400,0.0,19.9475,43.8375651357984,8.543478260869566,-4.183437,-4.183436870574951,0.0,0.0
133957_1767737700,-22.0,67.2875,53.08931991357216,20.41304347826087,83.35461,83.35460662841797,26.0,0.0
135081_1767737700,172.0,51.6125,43.38877314191896,30.91304347826087,89.39811,89.39810943603516,49.0,0.0
134040_1767737700,0.0,22.0675,39.09500390883602,8.543478260869566,1.8438431,1.8438431024551392,0.0,0.0
134040_1767738000,0.0,22.46125,36.43963600852703,8.543478260869566,9.395549,9.395548820495605,0.0,0.0
134494_1767738000,0.0,9.76,22.014554893247485,8.543478260869566,-6.642519,-6.642518997192383,0.0,0.0
132430_1767738000,90.0,61.215,44.38861836654433,52.36956521739131,20.770681,20.770681381225586,96.0,0.0
135081_1767738000,87.0,6.93875,-3.188662961037835,17.217391304347828,85.022285,85.02228546142578,19.0,0.0
133957_1767738000,-77.0,31.4175,23.3311607274983,17.67391304347826,70.54769,70.54769134521484,20.0,0.0
135081_1767738300,73.0,49.74375,49.30635779109723,49.6304347826087,95.60938,95.60938262939453,90.0,0.0
134040_1767738300,0.0,23.10875,28.752469035797365,8.543478260869566,-1.9790688,-1.9790687561035156,0.0,0.0
132430_1767738300,108.0,60.73,54.658259454234674,52.36956521739131,23.108816,23.108816146850586,96.0,0.0
134494_1767738300,0.0,7.4225,17.61084386776428,8.543478260869566,-10.641679,-10.641678810119629,0.0,0.0
134494_1767738600,0.0,6.7975,12.397626077935545,8.543478260869566,-12.553523,-12.553523063659668,0.0,0.0
134040_1767738600,0.0,27.78125,40.170616836396796,8.543478260869566,-6.263084,-6.2630839347839355,0.0,0.0
134494_1767738900,0.0,9.9625,18.355251282475454,8.543478260869566,-8.818864,-8.818863868713379,0.0,0.0
134040_1767738900,0.0,30.75875,45.08101752508931,8.543478260869566,-6.759664,-6.759664058685303,0.0,0.0
134494_1767739200,0.0,12.73375,22.907475214129047,8.543478260869566,-8.668143,-8.668143272399902,0.0,0.0
134040_1767739200,0.0,39.14625,78.7191466733938,8.543478260869566,-6.756617,-6.756617069244385,0.0,0.0
134040_1767739500,0.0,37.77875,69.81403197898933,8.543478260869566,38.143597,38.14359664916992,0.0,0.0
134494_1767739500,0.0,12.93375,20.700503915273305,8.543478260869566,-8.851341,-8.851341247558594,0.0,0.0
134040_1767739800,0.0,54.99625,42.68513222118513,8.543478260869566,86.56498,86.56497955322266,0.0,0.0
134494_1767739800,0.0,13.96875,14.378452226276405,8.543478260869566,-9.21296,-9.212960243225098,0.0,0.0
134494_1767740100,0.0,12.505,23.519102518995975,8.543478260869566,-8.491974,-8.491973876953125,0.0,0.0
134040_1767740100,0.0,48.1325,40.725484268128035,8.543478260869566,124.67719,124.67719268798828,0.0,0.0
134040_1767740400,0.0,52.015,31.471485726776645,8.543478260869566,67.95368,67.95368194580078,0.0,0.0
132430_1767740400,151.0,78.09375,62.27785962576456,17.217391304347828,73.17927,73.17926788330078,19.0,0.0
130072_1767740700,0.0,29.15875,26.75193789169684,8.543478260869566,3.8542118,3.8542118072509766,0.0,0.0
132430_1767740700,124.0,86.98875,11.612379231095195,2.608695652173914,37.052216,37.052215576171875,-13.0,0.0
134040_1767740700,0.0,60.41875,35.34928061921841,8.543478260869566,19.831818,19.831817626953125,0.0,0.0
132430_1767741000,60.0,143.19,126.50550747537683,85.23913043478261,122.04806,122.04805755615234,168.0,0.0
130072_1767741000,0.0,34.2275,40.170491788389356,8.543478260869566,5.586523,5.586523056030273,0.0,0.0
130072_1767741300,0.0,76.41625,75.88508838942646,8.543478260869566,37.924915,37.9249153137207,0.0,0.0
132430_1767741300,85.0,102.10875,59.68232817775373,66.52173913043478,57.153126,57.15312576293945,127.0,0.0
132430_1767741600,189.0,86.21,85.925254876535,53.73913043478261,144.50142,144.5014190673828,99.0,0.0
130072_1767741600,0.0,81.1575,79.03413014138718,8.543478260869566,67.88468,67.88468170166016,0.0,0.0
132430_1767741900,160.0,67.30375,51.86795550410183,21.782608695652176,73.655365,73.65536499023438,29.0,0.0
130072_1767741900,0.0,62.08625,73.79657959675444,8.543478260869566,122.788734,122.78873443603516,0.0,0.0
132430_1767742200,74.0,120.265,103.86648556742142,75.65217391304348,101.10437,101.1043701171875,147.0,0.0
134494_1767742200,0.0,11.4975,17.332052467694563,8.543478260869566,-9.145248,-9.145248413085938,0.0,0.0
134494_1767742500,0.0,12.19625,20.869479325839453,8.543478260869566,-8.764428,-8.76442813873291,0.0,0.0
134494_1767742800,0.0,11.67625,21.35916367105739,8.543478260869566,-8.592424,-8.592424392700195,0.0,0.0
134494_1767743100,0.0,10.35125,14.401802930445989,8.543478260869566,-9.19632,-9.196319580078125,0.0,0.0
132430_1767743400,91.0,48.115,21.26585867087921,42.32608695652175,57.60773,57.607730865478516,74.0,0.0
132430_1767743700,154.0,46.67,34.572575742454966,42.32608695652175,36.675266,36.67526626586914,74.0,0.0
