route_id,route_number,route_name
м3,м3,Проспект Будённого — Серебряный Бор
с344,с344,Метро «Охотный Ряд» — 1-й Силикатный проезд
е70,е70,"Волгоградский проспект, МКАД — Метро «Китай-город»"
м6,м6,Дангауэровка — Стадион «Лужники»
м40,м40,Лобненская улица — Метро «Китай-город»
370,370,Белорусский вокзал — Братцево
345,345,Белорусский вокзал — Метро «Бульвар Генерала Карбышева»
т78,т78,9-я Северная линия — Белорусский вокзал
м3к,м3к,Метро «Лубянка» — Проспект Будённого
116,116,Новозаводская улица — Белорусский вокзал
м1,м1,Метро «Новаторская» — Больница РЖД
418,418,Метро «Рижская» — Стрельбищенский переулок
м34,м34,Метро «Филёвский парк» — Белорусский вокзал
м90,м90,Метро «Беляево» — Метро «Лубянка»
384,384,Белорусский вокзал — Савёловский вокзал
