stop_id,stop_name,lat,lon
10707555437,Проспект Будённого,55.7779901,37.71884
10702781016,Улица Семёновский Вал,55.7770656,37.7151792
1383980899,Большая Семёновская улица,55.7809224,37.7157183
1383980929,Метро «Электрозаводская»,55.78227,37.7066022
1373930865,Электрозаводский мост,55.7827668,37.700201
10703096932,Переведеновский переулок,55.781163,37.6956757
10707555493,"Бакунинская улица, 84",55.7791675,37.6916196
10707555492,Балакиревский переулок,55.7776175,37.6892227
10707555490,Спартаковский переулок,55.7757352,37.6856383
10707555486,"Бакунинская улица, 7",55.7740459,37.6814612
3206635914,Метро «Бауманская»,55.7730641,37.677891
7935565268,Елоховская площадь,55.7724145,37.6750062
10703241118,Площадь Разгуляй,55.7692113,37.6687906
10703241115,Улица Александра Лукьянова,55.7668236,37.6639167
10703241112,Сад имени Баумана,55.765362,37.6600206
256021218,Площадь Цезаря Куникова,55.7635957,37.6550396
3048754295,Лялин переулок,55.7615964,37.6513628
3048753691,Покровские Ворота,55.7593496,37.6458975
10707555485,Армянский переулок,55.7583618,37.639416
10707555483,Ильинские Ворота,55.7574458,37.6328822
336215380,Метро «Лубянка»,55.7590708,37.6285173
10707555443,Метро «Лубянка»,55.7596964,37.6251805
4436980877,Театральная площадь,55.7588678,37.6191652
10030517809,Манежная площадь,55.7550984,37.612594
5279327451,Моховая улица,55.7550973,37.610478
5279327450,Консерватория,55.7568963,37.6032074
1402324087,Никитские Ворота,55.7572697,37.5965099
10740305146,Музей Военной формы,55.7576999,37.591362
10740305145,Кудринская площадь,55.7586215,37.5860241
10601114149,Метро «Баррикадная»,55.7603375,37.580677
1456333360,Метро «Краснопресненская»,55.7609948,37.5766766
1456333361,Малая Грузинская улица,55.7618046,37.5702992
10879083010,Метро «Улица 1905 года»,55.7631279,37.5626649
1456333365,Метро «Улица 1905 года»,55.763537,37.5598525
1456333369,Улица Сергея Макеева,55.7643687,37.5533318
1456333356,"Звенигородское шоссе, 27",55.7657189,37.5426858
6242129325,Улица Мнёвники,55.7718719,37.4972819
1456333357,МЖК «Атом»,55.7726409,37.4922166
612522387,Поликлиника,55.7730796,37.4893069
1390556596,Бульвар Генерала Карбышева,55.7770336,37.4671138
1390556629,Улица Генерала Глаголева,55.7782396,37.4595613
1965401179,Живописная улица,55.7793097,37.4526117
1390556607,Хорошёвский мост,55.7796421,37.4485016
2026719241,Водная станция «Труд»,55.7797542,37.4444697
12959534601,Серебряный Бор,55.7810676,37.438405
1253685275,Метро «Охотный Ряд»,55.7579777,37.6130528
9166910707,Метро «Улица 1905 года» (северный вход),55.7666832,37.5596076
9166910709,Ваганьково,55.76942,37.5566159
9166910710,Ваганьково,55.7688385,37.5569743
9166910708,Метро «Улица 1905 года» (северный вход),55.7656141,37.5605188
10775025215,Метро «Улица 1905 года»,55.7629573,37.5603741
10775025213,Управа Пресненского района,55.7585549,37.558181
569680554,Рочдельская улица,55.7562745,37.5587971
10774195373,Центр международной торговли,55.7537282,37.5584998
10774195375,Парк «Красная Пресня»,55.7514414,37.551592
10774195377,Экспоцентр,55.7493346,37.5471192
10774195380,Мост «Багратион»,55.7473705,37.5429336
11806849062,"Пресненская набережная, 10",55.7459509,37.5374253
10774195371,Метро «Москва-Сити»,55.7487959,37.5331725
9931372114,Башни Око и Нева,55.7503057,37.534136
10774195370,Камушки,55.7518055,37.5367787
10774195369,МЦД Тестовская,55.7529632,37.5335852
10599880587,МЦК Шелепиха,55.7561048,37.5270376
7490301538,Метро «Шелепиха»,55.7552848,37.5231128
4730949135,Шелепихинская набережная,55.7555518,37.5185979
4730949137,Романовская школа,55.7584864,37.5163953
4730949140,Причальный проезд,55.7609302,37.5204703
10775025211,Метро «Звенигородская»,55.764542,37.5134146
10775025210,2-й Силикатный проезд,55.7686148,37.5108244
10310549827,1-й Силикатный проезд,55.7695955,37.512588
10712546308,"Волгоградский проспект, МКАД",55.693954,37.8178928
10712546307,Детский сад,55.6967802,37.823179
10712546306,Ферганский проезд,55.699615,37.8274854
10712442570,Детская школа искусств имени Балакирева,55.7038632,37.8210444
10712546234,Метро «Юго-Восточная»,55.7061649,37.8176756
10712442568,Ташкентский переулок,55.7082256,37.8182716
10712442566,Рязанский проспект,55.7105023,37.8189598
10712868207,Метро «Рязанский проспект»,55.7173072,37.7933389
10712868103,Метро «Окская»,55.719817,37.7793662
10712868081,"Рязанский проспект, 57",55.7223989,37.7714759
10712868065,Стахановская улица,55.7260144,37.7609096
4902990471,Метро «Нижегородская»,55.7310794,37.7299296
10712868049,МЦД Калитники,55.7358219,37.7028355
10712868040,Большая Андроньевская улица,55.7392215,37.6711877
10712868036,Метро «Марксистская»,55.7415998,37.655722
10712868035,Метро «Таганская»,55.7431161,37.6525964
9868431738,Тетеринский переулок,55.7452054,37.6486888
10702029920,Кинотеатр «Иллюзион»,55.7480306,37.6461932
3218033070,Яузские Ворота,55.7502176,37.6430346
10702029938,Солянка,55.7533269,37.6384152
10712546309,Метро «Китай-город»,55.7540221,37.6341398
10727814007,Дангауэровка,55.7384304,37.7168359
7696065480,Институт радиоэлектроники,55.7384919,37.7206794
10702777777,Дворец единоборств,55.7423619,37.7214731
10702777779,Институт космического приборостроения,55.7452002,37.7212398
10702777781,Улица Пруд-Ключики,55.7484952,37.7191512
12561450003,Метро «Авиамоторная»,55.7508726,37.7176339
10704753149,Метро «Авиамоторная»,55.7513305,37.715718
10702809948,Душинская улица,55.7486712,37.7021729
10704706842,Старообрядческая улица,55.7475965,37.692985
10704706844,МЦД Москва-Товарная,55.7472784,37.68906
8608386419,Метро «Площадь Ильича»,55.7466899,37.6794263
10703239461,Хлебников переулок,55.7470094,37.6753689
10704706849,Храм Преподобного Сергия Радонежского,55.7465211,37.6672072
10704706850,Пестовский переулок — Театр кукол,55.7472126,37.6603019
10704706853,Николоямская улица,55.7471279,37.6543192
10704706852,Библиотека иностранной литературы,55.7479257,37.6489695
5152813894,Метро «Китай-город»,55.7540833,37.6346455
10030517808,Метро «Библиотека имени Ленина»,55.7508105,37.6097253
10727814005,Боровицкая площадь,55.7478581,37.6081419
1487452424,Метро «Кропоткинская» — Музей изобразительных искусств им. Пушкина,55.7460526,37.6052236
10727802904,Метро «Кропоткинская»,55.7447193,37.6021682
2413717004,Дом учёных,55.7425042,37.595754
2413716995,Академия художеств,55.7406645,37.591424
5320144985,Пречистенка,55.7390852,37.5873561
2413717006,Зубовская площадь,55.737877,37.5844606
2413717060,Улица Льва Толстого,55.7365999,37.5816757
2413717028,Институт биомедицины Пироговского Университета,55.7346391,37.5773789
2413717055,Улица Еланского,55.7336068,37.575024
2413717050,Трубецкая улица,55.7313006,37.5696992
10683919932,Абрикосовский переулок,55.7289636,37.5642888
2413717012,Новодевичий монастырь,55.7267699,37.5605245
9797228311,Метро «Спортивная»,55.7235258,37.5655892
10683919931,МЦК Лужники,55.7217078,37.5640185
10683919928,Хамовнический Вал,55.7190565,37.5679777
2413991282,Стадион «Лужники»,55.7169169,37.5677637
4199404588,Лобненская улица,55.8930707,37.524191
4518891524,Больница имени Вересаева,55.8910159,37.5290595
10581861634,Карельский бульвар,55.8927835,37.5331388
10728625488,Стадион,55.8885557,37.5365708
10728625490,Учинская улица,55.8859418,37.5338057
10744418345,Храм Матроны Московской,55.8832753,37.5327832
10744418342,Яхромский проезд,55.8798824,37.5331683
10572590184,Улица Софьи Ковалевской,55.8755927,37.5339455
2255987230,Институт микрохирургии глаза,55.8739361,37.5356653
10572590187,Коровинский проезд,55.8732849,37.5384848
8944115656,Музыкальная школа,55.8736159,37.5441808
10572590190,Школа имени Чернышёва,55.8731939,37.5528079
10572590192,Школа № 656,55.8711848,37.5550492
10572590194,Рогачёвский переулок,55.8674967,37.5579149
10572590200,Бескудниковский переулок,55.8634981,37.5610073
10572590201,Управа Бескудниковского района,55.861862,37.5621084
4254188160,"Бескудниковский бульвар, 10",55.8586976,37.5626099
10729479555,Метро «Верхние Лихоборы» (северный вход),55.8576327,37.5612095
3726709735,Метро «Верхние Лихоборы»,55.8555452,37.5617084
4515094035,Река Лихоборка,55.8505706,37.5659162
4501093744,Кинотеатр «Комсомолец»,55.8410277,37.5701624
313023111,Метро «Петровско-Разумовская»,55.8340068,37.5726427
9221235996,"Дмитровское шоссе, 29",55.8285698,37.572723
10742541382,Гостиница,55.8246455,37.5727306
4192456470,Отделение связи №434,55.8216308,37.5731909
4242625789,Метро «Тимирязевская»,55.8185657,37.5748096
10742541377,Улица Всеволода Вишневского,55.8127634,37.5780188
10742541373,Метро «Дмитровская»,55.8069535,37.5813327
10742541369,"Бутырская улица, 62",55.8020084,37.5831326
10742541368,Бутырская слобода,55.8005218,37.5834764
8825443227,Савёловский вокзал,55.7948702,37.5841045
7678282456,Улица Сущёвский Вал,55.7904188,37.5902526
5434571329,Вадковский переулок,55.7874073,37.5931695
5434565169,Лесная улица,55.7835385,37.5971468
5434259924,Метро «Менделеевская»,55.7814231,37.599006
5434231391,Метро «Новослободская»,55.7785365,37.6014408
5434236839,Новая Дмитровская слобода,55.7764077,37.6028842
5434227711,Долгоруковская улица,55.7735186,37.6040798
5434219608,Садовая-Каретная улица,55.7715727,37.6048185
10773197346,Улица Малая Дмитровка,55.7667445,37.6065501
1253685200,Тверская площадь,55.7623417,37.6084436
6247189422,Манежная площадь,55.757663,37.6165697
1253685207,Театральная площадь,55.7587253,37.6193518
6074586992,Метро «Лубянка»,55.7584996,37.6276384
5152889271,Метро «Китай-город»,55.7540403,37.6342289
5041552958,Белорусский вокзал,55.7759813,37.5845022
1253685272,"Ленинградский проспект, 12",55.7798992,37.5788541
1253685152,Улица Правды,55.7816071,37.5751843
1253685235,"Ленинградский проспект, 26",55.7828855,37.572386
1253685318,Театр «Ромэн»,55.7849898,37.5678397
1253685218,Метро «Динамо» (южный вход),55.7888884,37.5591414
1253685293,Метро «Динамо»,55.7897205,37.5572935
1253685265,Путевой дворец,55.7919901,37.5521609
1253685138,Улица Серёгина,55.7946582,37.5461031
1253685164,Улица Константина Симонова,55.7977874,37.5391097
1253685245,Метро «Аэропорт» (южный вход),55.8000276,37.5338869
1253685276,МАДИ,55.8013547,37.5300287
1253685156,Улица Лизы Чайкиной,55.8025579,37.5253863
1253685181,Метро «Сокол»,55.8053296,37.5147742
1253685137,Гидропроект,55.8079718,37.5016427
1253685234,Авиационный институт,55.8086236,37.4980089
1253685287,Улица Панфилова,55.8092803,37.4939858
1253685251,Пехотная улица,55.8115444,37.4825303
1253685334,Покровское-Стрешнево,55.8125058,37.4776434
7556705056,Покровское-Глебово,55.8145764,37.4696428
7556705055,Больница РЖД,55.817113,37.4605332
8181027264,Тушинская улица,55.8243127,37.4515199
1342478661,Улица Циолковского,55.8288167,37.4529116
1342478690,Улица Мещерякова,55.8318041,37.453515
1342478616,Восточный мост,55.837126,37.4540974
1342478666,Культурный центр «Салют»,55.8411422,37.4549894
1342478610,Улица Фабрициуса,55.8453502,37.4544372
1342478634,Парусный проезд,55.8477292,37.4536308
1343664172,Захарково,55.8517929,37.4505023
1342478611,Химкинский бульвар,55.8511736,37.4447942
1342478640,Метро «Сходненская»,55.8505029,37.4371445
1342478695,Аэродромная улица,55.8498628,37.4313038
1343664175,"Бульвар Яна Райниса, 10",55.8493486,37.4265636
1346563708,Туристская улица,55.8488535,37.4224434
1408800925,"Бульвар Яна Райниса, 20",55.8500959,37.415223
1408800934,Петрово,55.8505065,37.4099484
1408800924,Братцево,55.8504765,37.4051164
1390556618,Улица Зои Воскресенской,55.7817942,37.5604057
1390556593,Институт имени Герцена,55.779512,37.5574421
1390556638,Улица Поликарпова,55.777425,37.555858
1390556610,Метро «Беговая»,55.7742202,37.5494781
1390556621,Метро «Беговая»,55.7738216,37.5440386
1390556644,2-й Хорошёвский проезд,55.7746144,37.5403548
1390556603,Издательский дом «Красная звезда»,55.7762032,37.5330513
1390556645,Улица Надежды Троян,55.7770756,37.5290034
1390556641,Улица Генерала Ивашутина,55.7777821,37.5257857
1390556626,Метро «Полежаевская»,55.7778193,37.5210051
1390556624,Метро «Полежаевская»,55.7774897,37.5158583
1390556634,Улица Зорге,55.7779588,37.5117553
1468518753,МЦК Хорошёво,55.7768399,37.5056597
1953905311,Сквер Маршала Жукова,55.7761779,37.5017691
1390556611,"Проспект Маршала Жукова, 14",55.7759063,37.4936835
1390556630,Метро «Народное Ополчение»,55.7756205,37.4862391
4730949125,Метро «Народное Ополчение»,55.7754966,37.4827234
1390556636,Улица Народного Ополчения,55.7757371,37.4753274
9455183925,Живописная улица,55.7802125,37.4550319
4730767845,"Улица Маршала Тухачевского, 55",55.7838469,37.4575748
4908660303,Кадетский корпус,55.7851457,37.4664677
4908660301,Метро «Бульвар Генерала Карбышева»,55.7844751,37.4707156
4908660307,Метро «Бульвар Генерала Карбышева»,55.7838137,37.4748635
10580010171,9-я Северная линия,55.9359775,37.5538875
10744147338,Управа района Северный,55.9332338,37.5516568
10744147337,"9-я Северная линия, 17",55.9326627,37.5500473
4516569159,Заболотье,55.9259809,37.5464352
4516569157,Метро «Физтех»,55.920813,37.5435885
4515094024,"Дмитровское шоссе, 165",55.9152058,37.5439287
1229190135,Улица Генерала Артемьева,55.9125478,37.544151
4515095893,МЦД Марк,55.9040041,37.5428729
313214491,Метро «Лианозово»,55.8974411,37.5432924
10726772393,Долгопрудная улица,55.894425,37.5430513
4515095891,Лианозовский электромеханический завод,55.8909792,37.5427235
4515095889,Кинотеатр «Волга»,55.8886673,37.5427154
4515095086,Икшинская улица,55.8854798,37.5427647
1357880066,Метро «Яхромская»,55.8813044,37.5441579
322734307,Улица 800-летия Москвы,55.8776563,37.5461907
312840641,Бескудниково,55.8745719,37.5472211
312840652,Селигерская улица,55.8692035,37.5468932
5512168818,Метро «Селигерская»,55.8672018,37.5463416
1464781062,Парк Святослава Фёдорова,55.8633945,37.5486274
4515095077,Ильменский проезд,55.8608367,37.553379
4515094037,Метро «Верхние Лихоборы» (северный вход),55.8582203,37.5584187
3846524704,Метро «Верхние Лихоборы»,55.8534462,37.5634576
4518891496,Нижние Лихоборы,55.8471449,37.5675693
4518891494,3-й Нижнелихоборский проезд,55.8451112,37.5683718
10770758620,Угловой переулок,55.788915,37.5882986
10770758618,Новолесная улица,55.7862912,37.5875705
1136163537,2-й Лесной переулок,55.7804952,37.5859155
10770758614,Метро «Белорусская»,55.7784619,37.5874268
5041554170,Белорусский вокзал,55.7766427,37.5848193
10707555482,Ильинские Ворота,55.7574315,37.6327897
3048753690,Армянский переулок,55.7585688,37.6403078
3048753692,Покровские Ворота,55.7594959,37.64692
3048754297,Лялин переулок,55.7618761,37.6517758
3048754309,Площадь Цезаря Куникова,55.7633094,37.6544308
10703096947,Площадь Земляной Вал,55.7643011,37.6570642
10703241113,Сад имени Баумана,55.7656221,37.6609614
10703241114,Улица Александра Лукьянова,55.7671134,37.6647848
10703241116,Токмаков переулок,55.7686763,37.6679079
10703241119,Площадь Разгуляй,55.7699395,37.6703591
10700011413,Елоховская площадь,55.77229,37.674891
3206635915,Метро «Бауманская»,55.77334,37.6792296
10707555488,"Бакунинская улица, 7",55.7741819,37.6821807
10707555489,Спартаковский переулок,55.775971,37.6863401
10707555491,Балакиревский переулок,55.7779023,37.689974
10707555481,"Бакунинская улица, 84",55.7795457,37.6924616
10703096933,Переведеновский переулок,55.7809895,37.6955554
10702681752,Электрозаводский мост,55.7826601,37.7001495
1775863799,Метро «Электрозаводская»,55.7822979,37.7056526
1267959953,Большая Семёновская улица,55.7809052,37.715809
759664119,Проспект Будённого,55.7790141,37.7200684
10774286821,Новозаводская улица,55.7529225,37.4945218
10774286820,Физкультурный проезд,55.7529293,37.5015526
2491233118,Школа,55.7524957,37.5048945
2491233106,Большая Филёвская улица,55.7508885,37.5088029
5019627883,Метро «Фили»,55.7462618,37.5133994
10601114160,Тучковская улица,55.744608,37.5081811
12635078184,Багратионовский проезд,55.7423726,37.5011104
2433145083,Багратионовский проезд,55.7415437,37.5004892
2433145574,Улица Василисы Кожиной,55.7393168,37.5054844
2488185910,Метро «Парк Победы»,55.7363515,37.5191012
2433145454,Панорама «Бородинская битва»,55.7382168,37.5272967
2433145529,Поклонная улица,55.7389574,37.530418
4592512830,Метро «Кутузовская»,55.7398249,37.5341743
2433145264,Театр «Мастерская Петра Фоменко»,55.7406178,37.5376793
2433145591,Улица Дунаевского,55.7440188,37.5457939
2433145175,Дорогомиловская Застава,55.7471528,37.555167
2433145207,"Кутузовский проспект, 8",55.748416,37.5597299
2433145132,Гостиница «Украина»,55.7503334,37.5664568
10774286818,Новоарбатский мост,55.7515342,37.5749997
10774286822,Площадь Свободной России,55.7543195,37.5759421
1188905583,Метро «Баррикадная»,55.7619388,37.579324
10601114147,Зоологическая улица,55.7647666,37.5782433
10774286817,"Зоологический переулок, 8",55.7651932,37.5746567
10774286826,Государственный биологический музей,55.7655841,37.5721093
10774286828,Улица Климашкина,55.7679152,37.5724429
10599880593,Малая Грузинская улица,55.7717466,37.5730072
10599880591,Электрический переулок,55.7730816,37.5768889
14170887503,Метро «Белорусская»,55.7748536,37.5821254
966788530,Белорусский вокзал,55.7746952,37.5842064
10030517751,Метро «Новаторская»,55.6740592,37.5249629
10030517718,"Ленинский проспект, 93",55.6759388,37.5277399
4442981247,Улица Марии Ульяновой,55.6776876,37.5303136
10030517717,Улица Крупской,55.6797206,37.5332743
10030509216,"Ленинский проспект, 83",55.6824208,37.5372607
10030509215,Метро «Вавиловская»,55.6849162,37.5409507
10030517763,Ломоносовский проспект,55.6874109,37.5446345
10030509214,"Ленинский проспект, 68",55.6897904,37.5485842
10030509213,Молодёжная улица,55.6920853,37.5526226
10030517762,Университетский проспект,55.694937,37.557608
10030517761,Универмаг «Москва»,55.6974116,37.5619705
10030509212,Улица Ляпунова,55.7001728,37.5668502
10030509211,Дворец труда профсоюзов,55.7024982,37.5709618
10030509210,Улица Академика Зелинского,55.7040557,37.5737412
3609899718,"Ленинский проспект, 34",55.7064703,37.5782314
10030517760,Площадь Гагарина,55.7092192,37.5834562
10030509209,Метро «Ленинский проспект»,55.7116131,37.5868069
10030509207,Улица Стасовой,55.7150574,37.5914444
10030509206,Больница святителя Алексия,55.7174937,37.5948765
10030517759,Улица Академика Петровского,55.7207578,37.5996572
10030509203,1-я городская больница,55.7242333,37.6048615
9113867001,Метро «Октябрьская»,55.728207,37.611039
9113867003,Метро «Октябрьская» (радиальная),55.7313013,37.6122626
9113867005,1-й Бабьегородский переулок,55.7343457,37.6130472
9113867008,3-й Голутвинский переулок,55.7374173,37.6148632
9113867007,Большая Якиманка,55.7395978,37.6163033
2443311250,Болотная площадь,55.7437852,37.6148131
1253685229,Метро «Библиотека имени Ленина»,55.752943,37.6113558
1253685308,Метро «Охотный Ряд»,55.7575453,37.614045
1253685159,Тверская площадь,55.762501,37.6085107
1253685175,Пушкинская площадь,55.76575,37.6036869
1253685248,Глазная больница,55.7676675,37.6001696
1253685322,Метро «Маяковская»,55.7705423,37.5953158
1253685220,Улица Юлиуса Фучика,55.7726075,37.5918021
1253685305,Большая Грузинская улица,55.7748839,37.5879398
1253685339,Покровское-Глебово,55.8151429,37.4700775
1253685232,Иваньковское шоссе,55.8158905,37.4680694
1253685316,Больница РЖД,55.8175952,37.4605635
1032423329,Метро «Рижская»,55.7926128,37.6331945
10742508013,Улица Верземнека,55.792635,37.6273968
10742508012,Олимпийский проспект,55.792829,37.623816
3617771183,Метро «Марьина Роща»,55.7932694,37.6181873
10769947765,Метро «Марьина Роща»,55.7933202,37.6143769
10769947764,Улица Образцова,55.7930415,37.6074714
10769947766,Новосущёвская улица,55.7927745,37.6034829
10769940169,Новослободский парк,55.7923024,37.5949634
10770758615,Метро «Белорусская»,55.7785377,37.5853436
5129194363,Белорусский вокзал,55.7770616,37.5823995
10599880588,Метро «Белорусская»,55.7749856,37.582526
10599880590,Электрический переулок,55.7735187,37.5781823
10599880595,Малая Грузинская улица,55.772047,37.5716654
10599880596,Большой Тишинский переулок,55.7700956,37.5661496
10599880600,Улица Климашкина,55.7669657,37.5646969
8185422663,Метро «Улица 1905 года»,55.7637366,37.5637736
10601114153,Улица Трёхгорный Вал,55.7599371,37.5607018
10601114156,Улица Анны Северьяновой,55.7584627,37.5522646
10601114158,Красногвардейский бульвар,55.757284,37.5451928
10599895153,Шмитовский проезд,55.7569542,37.5402189
10624387952,Школа №2055,55.7588528,37.5386309
10599895158,улица Литвина-Седого,55.7614333,37.539638
10770786423,Улица Подвойского,55.7650894,37.5377392
10770786422,Стоматологическая поликлиника,55.7655529,37.5400147
10624387951,Стрельбищенский переулок,55.7646177,37.5408693
2361337263,Метро «Филёвский парк»,55.7407754,37.4823436
2407881964,Минская улица,55.743379,37.481307
2565946500,Улица Алябьева,55.7446306,37.4856486
2565946448,"Большая Филёвская улица, 23",55.7460571,37.4905121
4730949128,Улица Барклая,55.7474546,37.495393
4730949129,Детский парк «Фили»,55.7493553,37.5019093
4730949131,Большая Филёвская улица,55.75087,37.507168
597428461,Шелепихинский мост,55.7547271,37.5213786
7490301537,Метро «Шелепиха»,55.755496,37.5246594
10599880586,МЦК Шелепиха,55.7560907,37.5302061
10599895150,Детская больница имени Сперанского,55.7560788,37.5399145
10601114157,Красногвардейский бульвар,55.7573953,37.546035
10601114155,Улица Анны Северьяновой,55.7586733,37.5537579
10601114154,Улица Трёхгорный Вал,55.7590101,37.5591635
8185422660,Метро «Улица 1905 года»,55.7643893,37.5639656
10599880601,Улица Климашкина,55.7686099,37.5651641
10599880597,Большой Тишинский переулок,55.7700107,37.5659308
10599880594,Малая Грузинская улица,55.7722342,37.5722002
10743189858,Метро «Беляево»,55.643175,37.5247213
10743189857,Метро «Беляево»,55.6420519,37.52814
10743278531,Академия интеллектуальной собственности,55.640651,37.5333802
10743278537,6-й микрорайон,55.6402152,37.5389879
10657545795,Улица Генерала Антонова,55.6433685,37.5418645
10743278540,"Улица Введенского, 8",55.6467694,37.5456001
3474605529,"Улица Введенского, 6",55.6494466,37.5498347
10034851401,Улица Введенского,55.6509096,37.553397
10034851394,"Улица Обручева, 63",55.6499135,37.5607806
10743276657,Балаклавский проспект,55.6502626,37.5646174
10743276658,"Севастопольский проспект, 81",55.6525191,37.5668011
10781782841,Спортшкола,55.6540714,37.5684643
10735094092,Метро «Зюзино»,55.6572708,37.5719108
10735094086,Перекопская улица,55.6596503,37.5744756
10735094098,Префектура ЮЗАО,55.6623387,37.5773793
10735094101,Болотниковская улица,55.6644985,37.5797318
10735094097,Зюзинская улица,55.6663495,37.5817172
10700842468,Ростест - Москва,55.6686376,37.5841726
10700842466,Нахимовский проспект,55.6707973,37.5865134
10735116751,Кинотеатр «Таллин»,55.6755578,37.591653
10735116760,Улица Ремизова,55.6784977,37.5947416
10735116757,Долина реки «Коршуниха»,55.6807578,37.5970552
10781355827,6-й Загородный проезд,55.6845795,37.6005558
10781602191,"Севастопольский проспект, 12",55.6877948,37.6035587
10777003142,МЦК Крымская,55.6922609,37.6077084
10777003144,"Севастопольский проспект, 1",55.6941515,37.6094411
10777003147,Больница имени Алексеева,55.6965839,37.611684
10777003149,Спортивная школа «Тринта»,55.7001669,37.6149028
10719762326,2-й Тульский переулок,55.7027433,37.6168282
10710060863,Духовской переулок,55.704952,37.617514
10777003131,3-я Рощинская улица,55.7072497,37.6180456
10777003130,Метро «Тульская»,55.7105127,37.6201171
10539275620,Даниловский рынок,55.7123518,37.6214501
10781782840,Александровские казармы,55.7156754,37.623455
10781782838,Детская поликлиника,55.7181021,37.625153
10740471007,Улица Павла Андреева,55.7204955,37.6267933
10711256696,Институт имени Вишневского,55.7249657,37.6260695
10711256697,Метро «Серпуховская»,55.7270682,37.625038
10781782847,Серпуховская площадь,55.7310899,37.6260445
10781782846,Вишняковский переулок,55.7356044,37.6278242
5007785274,Старый Толмачёвский переулок,55.7391788,37.6283749
9825498517,Метро «Новокузнецкая»,55.7422266,37.6284875
10781782852,Улица Балчуг,55.7451175,37.6271128
9284083804,Большой Москворецкий мост,55.7469501,37.6248668
5166349030,Красная площадь,55.7525102,37.626185
2250377775,Институт имени Герцена,55.7803724,37.5572376
10770807633,Научно-клинический центр имени Боткина,55.7822737,37.5540899
10770807635,Лечебный корпус,55.7831034,37.550944
10770807638,улица Бориса Петровского,55.7803469,37.5449833
10770807640,Улица Маргелова,55.7819398,37.5380413
1449161160,Проектируемый проезд № 6161,55.7830704,37.5346834
1457589281,Метро «ЦСКА»,55.7872765,37.5382672
10777614858,Спорткомплекс «ЦСКА»,55.789653,37.5413318
1251642862,Путевой дворец,55.7927876,37.5484381
5465097778,Метро «Петровский парк»,55.7915609,37.5568025
4447489243,Метро «Петровский парк»,55.7929453,37.5591426
10769940172,Петровско-Разумовская аллея,55.7959698,37.5587526
10769940171,Планетная улица,55.7976375,37.5542395
10746718173,Улица Верхняя Масловка,55.799471,37.5579313
10746718174,Поликлиника,55.8012861,37.5637264
10746718168,Перинатальный центр,55.8000797,37.5676261
10746718159,Полтавская улица,55.8004163,37.5712965
10746718163,4-й Вятский переулок,55.8003519,37.5756465
10746718156,Больница №24,55.7963942,37.5763959
10746718153,Бутырский рынок,55.7951657,37.5794414
10746494151,Бутырская улица,55.7954606,37.5827915
8518855615,Савёловский вокзал,55.7937903,37.5878745
