sample_id;prediction
131672_1767670500;76.33125
131672_1767670800;77.27125
131672_1767671100;139.585
131672_1767671400;148.91375
134040_1767672000;58.5025
134040_1767672300;90.51125
134040_1767672600;71.30875
134040_1767672900;68.68625
134040_1767673200;101.285
134040_1767673500;151.9325
122048_1767673800;56.4725
122048_1767674100;25.545
122048_1767674400;15.66375
122048_1767674700;-18.24875
122048_1767675000;-18.40125
122048_1767675300;-32.13875
131672_1767675600;25.62875
131672_1767675900;-41.19125
131672_1767676200;-21.3
131672_1767676500;-27.8775
131672_1767676800;-15.2
131672_1767677100;-13.89375
122658_1767679500;33.01375
122658_1767679800;75.89125
122658_1767680100;108.19625
122658_1767680400;145.43
122658_1767680700;184.3975
134040_1767684600;71.7475
130238_1767684600;30.88625
130238_1767684900;51.84
134040_1767684900;36.08
134040_1767685200;87.46375
130238_1767685200;41.8875
134040_1767685500;86.6575
130238_1767685500;50.065
134040_1767685800;108.24625
130238_1767685800;78.57
130238_1767686100;80.95875
134040_1767686100;82.29375
122658_1767686400;-2.49375
122658_1767686700;7.17375
122658_1767687000;-0.125
122658_1767687300;11.5575
122658_1767687600;57.0875
122658_1767687900;90.22375
122613_1767690000;50.05125
122613_1767690300;59.20125
122613_1767690600;80.615
122613_1767690900;52.2775
122613_1767691200;41.16625
122613_1767691500;25.6775
122048_1767695400;-41.0025
122048_1767695700;-13.95125
122048_1767696000;-28.0825
122048_1767696300;4.77
122048_1767696600;-7.91125
122048_1767696900;-72.54375
133300_1767699000;21.97375
122048_1767699000;-157.98
133300_1767699300;24.995
122048_1767699300;-181.0925
122048_1767699600;-176.515
133300_1767699600;88.2425
122048_1767699900;-149.68
133300_1767699900;82.4925
122048_1767700200;-19.89
133300_1767700200;62.68875
122048_1767700500;182.6575
133300_1767700500;95.12125
133957_1767700800;50.62
133957_1767701100;128.355
133957_1767701400;82.23
133957_1767701700;55.88
133957_1767702000;73.24125
133957_1767702300;63.32125
129964_1767702600;0.545
129964_1767702900;-40.03875
129964_1767703200;-24.4825
129964_1767703500;-24.19625
129964_1767704100;-56.755
122658_1767706200;59.28375
122658_1767706500;-1.0125
122658_1767706800;1.39625
122658_1767707100;5.72625
122658_1767707400;-3.29
131672_1767709800;113.39625
122048_1767709800;-121.38
131672_1767710100;-17.55125
122048_1767710100;-25.255
131672_1767710400;-78.07125
122048_1767710400;-3.57375
122048_1767710700;-19.88
131672_1767710700;-60.36375
131672_1767711000;-56.13
122048_1767711000;-0.4025
122048_1767711300;8.0975
131672_1767711300;-50.56625
132430_1767713400;253.66125
133300_1767713400;-7.47375
132430_1767713700;284.3125
133300_1767713700;27.20125
133300_1767714000;61.08375
132430_1767714000;263.4425
132430_1767714300;192.7675
133300_1767714600;43.71125
132430_1767714600;272.64375
132430_1767714900;282.33625
133300_1767714900;17.9075
122048_1767717000;-7.6975
122048_1767717300;-4.01375
122048_1767717600;-2.20875
122613_1767718800;67.8175
132430_1767720000;63.39125
132430_1767720300;75.4925
131672_1767722400;89.7525
131672_1767722700;149.0675
131672_1767723000;247.0375
131672_1767723300;310.82375
131672_1767723600;378.0925
131672_1767723900;353.61625
133957_1767724200;120.2075
132430_1767727800;274.42125
132430_1767728100;242.255
132430_1767728400;166.05
132430_1767728700;227.52625
132430_1767729000;155.7125
132430_1767729300;108.025
122048_1767731400;-14.8175
122048_1767731700;-17.74875
122048_1767732000;6.8325
122048_1767732300;0.81375
122048_1767732600;1.69
122048_1767732900;11.065
134040_1767733200;271.915
134040_1767733500;284.84
134040_1767733800;368.22375
134040_1767734100;384.6075
134040_1767734400;382.33625
134040_1767734700;370.52625
130072_1767736800;-5.2075
130072_1767737100;-15.295
130072_1767737400;-9.38125
130072_1767737700;1.96
130072_1767738000;7.6325
130072_1767738300;7.8275
130072_1767742200;38.67
130072_1767742500;48.65375
130072_1767742800;48.77625
130072_1767743100;37.425
130072_1767743400;25.76875
130072_1767743700;21.895
